offset_um,score,n_blobs
0.0,71192.5,6
-1.0,75225.0,6
-2.0,68332.5,6
-3.0,79560.0,6
-4.0,67702.5,6
-5.0,76537.5,5
-6.0,67192.5,5
-7.0,43731.0,5
-8.0,47940.0,6
-9.000000000000002,53173.5,6
-10.0,52623.0,6
-11.0,71910.0,6
-12.0,73695.0,6
-13.000000000000002,73114.5,6
-14.0,57553.5,6
-15.0,78030.0,6
-16.0,71400.0,5
-17.0,74205.0,6
-18.000000000000004,81090.0,6
-19.0,79302.5,6
-20.0,66555.0,6
-21.0,71017.5,6
-22.0,73950.0,6
-23.0,70125.0,5
-24.0,67668.0,6
-25.0,82110.0,5
-26.000000000000004,77775.0,6
-27.0,74077.5,6
-28.0,68824.5,6
-29.0,72802.5,6
-30.0,57630.0,5
-31.0,76500.0,6
-32.0,72675.0,6
-33.0,65280.0,5
-34.0,65798.5,6
-35.0,60180.0,6
-36.00000000000001,60817.5,6
-37.0,74970.0,5
-38.0,71400.0,6
-39.0,69997.5,6
-40.0,86955.0,6
-41.0,77025.0,6
-42.0,76372.5,6
-43.0,76882.5,6
-44.0,62220.0,6
-45.0,64387.5,6
-46.0,65407.5,6
-47.0,72037.5,6
-48.0,89760.0,6
-49.0,65917.5,6
-50.0,60690.0,6
-51.00000000000001,74308.5,6
-52.00000000000001,68085.0,6
-53.0,64387.5,6
-54.0,76500.0,6
-55.0,69105.0,5
-56.0,69105.0,6
-57.0,76627.5,6
-58.0,83385.0,6
-59.00000000000001,64515.0,6
-60.0,77902.5,6
-61.0,66682.5,6
-62.0,63240.0,5
-63.0,53677.5,6
-64.0,58012.5,5
-65.0,62347.5,6
-66.0,73695.0,6
-67.0,79560.0,6
-68.0,69105.0,6
-69.0,67065.0,6
-70.0,89887.5,6
-71.00000000000001,80835.0,6
-72.00000000000001,80707.5,6
-73.0,83895.0,6
-74.0,82620.0,5
-75.0,82620.0,6
-76.0,77137.5,5
-77.0,76882.5,6
-78.0,80707.5,6
-79.0,75780.0,6
-80.0,82492.5,6
-81.0,83512.5,6
-82.0,84660.0,6
-83.0,80325.0,6
-84.0,81600.0,6
-85.0,80580.0,6
-86.0,77928.5,6
-87.00000000000001,75343.0,6
-88.0,81229.5,6
-89.0,66682.5,5
-90.0,69232.5,6
-91.0,68212.5,6
-92.0,56482.5,6
-93.0,64132.5,6
-94.0,60052.5,6
-95.0,66427.5,5
-96.0,60817.5,5
-97.0,74842.5,6
-98.0,64642.5,6
-99.0,64387.5,6
-100.0,83002.5,6
-101.0,84150.0,6
-102.00000000000001,70861.0,6
-103.00000000000001,64770.0,6
-104.00000000000001,54697.5,5
-105.0,58395.0,5
-106.0,60052.5,6
-107.0,79305.0,5
-108.0,70762.5,6
-109.0,64431.0,6
-110.0,79815.0,6
-111.0,81727.5,6
-112.0,73950.0,6
-113.0,87847.5,6
-114.0,64515.0,6
-115.0,60817.5,6
-116.0,61710.0,6
-117.0,65280.0,6
-118.00000000000001,62602.5,6
-119.00000000000001,65280.0,5
-120.0,66555.0,6
-121.0,50617.5,5
-122.0,58395.0,6
-123.0,55335.0,6
-124.0,55462.5,6
-125.0,61072.5,6
-126.0,75480.0,6
-127.0,63367.5,6
-128.0,68646.0,6
-129.0,67830.0,6
-130.0,76372.5,6
-131.0,75990.0,6
-132.0,63622.5,6
-133.0,68467.5,6
-134.0,92947.5,6
-135.0,76500.0,6
-136.0,65280.0,6
-137.0,69615.0,6
-138.0,64897.5,6
-139.0,71910.0,6
-140.0,70762.5,5
-141.0,71017.5,5
-142.00000000000003,76755.0,6
-143.00000000000003,76372.5,6
-144.00000000000003,59925.0,6
-145.0,71017.5,5
-146.0,64260.0,6
-147.0,75735.0,6
-148.0,64642.5,5
-149.0,76245.0,6
-150.0,78285.0,6
-151.0,67702.5,6
-152.0,53805.0,6
-153.0,47706.0,6
-154.0,61327.5,6
-155.0,64897.5,6
-156.0,77775.0,6
-157.0,66300.0,6
-158.0,75480.0,6
-159.0,60435.0,6
-160.0,64770.0,5
-161.0,74587.5,6
-162.0,78667.5,5
-163.0,79560.0,6
-164.0,75607.5,6
-165.0,69487.5,6
-166.0,68212.5,6
-167.0,66300.0,6
-168.0,75735.0,6
-169.0,77010.0,6
-170.0,64387.5,6
-171.0,75352.5,6
-172.0,77520.0,6
-173.00000000000003,79432.5,6
-174.00000000000003,63877.5,6
-175.00000000000003,80452.5,6
-176.0,83895.0,6
-177.0,82237.5,6
-178.0,72802.5,6
-179.0,69232.5,5
-180.0,66555.0,6
-181.0,78667.5,6
-182.0,65407.5,6
-183.0,67447.5,6
-184.0,78412.5,6
-185.0,81855.0,6
-186.0,81345.0,6
-187.0,69487.5,6
-188.0,81982.5,6
-189.0,82110.0,6
-190.0,85425.0,6
-191.0,84150.0,6
-192.0,71145.0,6
-193.0,79177.5,6
-194.0,72675.0,6
-195.0,74205.0,5
-196.0,72420.0,5
-197.0,81867.0,6
-198.0,75097.5,6
-199.0,84022.5,6
-200.0,83876.0,6
-201.0,88230.0,6
-202.0,89887.5,6
-203.0,83385.0,6
-204.00000000000003,79432.5,6
-205.00000000000003,87082.5,6
-206.00000000000003,73695.0,5
-207.00000000000003,84022.5,6
-208.00000000000003,84915.0,6
-209.0,69360.0,6
-210.0,64642.5,6
-211.0,58905.0,5
-212.0,82365.0,5
-213.0,79177.5,5
-214.0,75097.5,6
-215.0,65917.5,6
-216.0,77647.5,6
-217.0,71527.5,6
-218.0,74970.0,6
-219.0,88612.5,6
-220.0,64770.0,6
-221.0,84022.5,6
-222.0,91417.5,6
-223.0,76372.5,6
-224.0,79177.5,6
-225.0,81472.5,6
-226.0,81090.0,6
-227.0,94605.0,5
-228.0,76336.5,6
-229.0,78718.0,6
-230.0,76245.0,6
-231.0,90015.0,6
-232.0,98812.5,6
-233.0,79815.0,5
-234.0,88740.0,6
-235.00000000000003,87847.5,5
-236.00000000000003,103275.0,6
-237.00000000000003,93202.5,6
-238.00000000000003,80452.5,6
-239.00000000000003,66682.5,6
-240.0,65662.5,6
-241.0,66555.0,6
-242.0,62475.0,6
-243.0,61405.5,6
-244.0,65662.5,6
-245.0,68340.0,6
-246.0,65280.0,6
-247.0,81217.5,6
-248.0,74987.5,5
-249.0,81472.5,6
-250.0,82365.0,6
-251.0,78795.0,6
-252.0,71527.5,6
-253.0,63622.5,6
-254.0,63240.0,6
-255.0,85297.5,6
-256.0,67957.5,5
-257.0,78412.5,6
-258.0,60435.0,5
-259.0,69300.5,6
-260.0,81090.0,6
-261.0,77749.0,6
-262.0,88102.5,6
-263.0,78922.5,6
-264.0,80551.5,6
-265.0,87082.5,6
-266.0,80580.0,6
-267.0,74587.5,5
-268.0,64260.0,6
-269.0,78795.0,5
-270.0,63240.0,6
-271.0,64005.0,6
-272.0,63495.0,6
-273.0,83640.0,6
-274.0,67192.5,6
-275.0,79305.0,6
-276.0,93967.5,6
-277.0,81600.0,5
-278.0,79432.5,6
-279.0,74715.0,6
-280.0,76755.0,6
-281.0,85912.5,6
-282.0,90142.5,6
-283.00000000000006,71527.5,5
-284.00000000000006,77428.5,6
-285.00000000000006,78157.5,6
-286.00000000000006,90780.0,6
-287.00000000000006,86922.5,6
-288.00000000000006,91927.5,6
-289.0,91162.5,6
-290.0,86955.0,5
-291.0,91035.0,6
-292.0,90525.0,6
-293.0,89250.0,6
-294.0,93167.0,6
-295.0,94680.0,6
-296.0,95905.5,6
-297.0,83640.0,6
-298.0,75056.5,6
-299.0,64027.0,6
-300.0,68850.0,6
-301.0,73170.0,6
-302.0,76500.0,6
-303.0,74332.5,6
-304.0,75097.5,6
-305.0,71272.5,6
-306.0,95752.5,6
-307.0,62751.0,6
-308.0,97537.5,6
-309.0,95370.0,6
-310.0,94350.0,5
-311.0,104040.0,6
-312.0,97155.0,6
-313.0,85170.0,6
-314.0,87720.0,6
-315.0,98812.5,6
-316.0,100980.0,6
-317.0,102637.5,6
-318.0,99322.5,6
-319.0,99195.0,5
-320.0,93028.0,6
-321.0,95859.0,6
-322.0,98047.5,6
-323.0,103924.5,6
-324.0,101745.0,6
-325.0,103192.5,6
-326.0,100450.5,6
-327.0,94860.0,6
-328.0,96007.5,6
-329.0,106717.5,5
-330.0,94198.5,6
-331.0,79397.5,6
-332.0,89505.0,5
-333.0,76245.0,5
-334.0,90142.5,5
-335.0,100852.5,6
-336.0,102765.0,6
-337.0,103530.0,6
-338.0,109012.5,6
-339.0,108247.5,5
-340.0,105060.0,5
-341.0,109140.0,6
-342.0,98047.5,6
-343.0,110167.5,6
-344.0,113072.0,6
-345.00000000000006,109312.5,5
-346.00000000000006,110580.0,6
-347.00000000000006,97996.0,5
-348.00000000000006,111171.0,5
-349.00000000000006,111290.5,6
-350.00000000000006,113909.5,6
-351.00000000000006,114240.0,6
-352.0,114495.0,6
-353.0,107227.5,6
-354.0,109538.5,6
-355.0,105952.5,6
-356.0,96390.0,5
-357.0,100331.0,6
-358.0,103402.5,6
-359.0,110925.0,5
-360.0,111945.0,6
-361.0,110160.0,6
-362.0,110151.5,6
-363.0,107928.0,6
-364.0,107962.5,6
-365.0,90397.5,5
-366.0,109777.5,5
-367.0,109458.0,6
-368.0,95242.5,5
-369.0,101617.5,5
-370.0,106794.0,6
-371.0,107100.0,5
-372.0,104977.5,6
-373.0,108120.0,6
-374.0,95880.0,5
-375.0,111809.5,6
-376.0,106513.0,6
-377.0,116917.5,6
-378.0,107992.5,6
-379.0,102255.0,5
-380.0,115515.0,6
-381.0,103530.0,6
-382.0,113220.0,5
-383.0,117682.5,5
-384.0,116407.5,5
-385.0,112077.5,5
-386.0,107865.0,6
-387.0,105399.0,6
-388.0,122219.0,6
-389.0,112965.0,5
-390.0,108502.5,5
-391.0,113475.0,5
-392.0,124306.5,6
-393.0,125332.5,5
-394.0,112710.0,5
-395.0,124695.0,5
-396.0,126967.5,6
-397.0,124822.5,5
-398.0,129412.5,5
-399.0,128422.0,6
-400.0,130150.0,6
-401.0,126934.5,6
-402.0,131452.5,5
-403.0,120642.5,6
-404.0,130177.5,5
-405.0,137572.5,6
-406.0,135405.0,5
-407.0,132240.0,6
-408.00000000000006,132975.0,6
-409.00000000000006,121468.0,5
-410.00000000000006,128656.5,5
-411.00000000000006,166037.0,6
-412.00000000000006,162735.0,6
-413.00000000000006,121399.5,5
-414.00000000000006,118192.0,6
-415.00000000000006,110212.5,6
-416.00000000000006,106426.5,6
-417.0,118139.0,5
-418.0,120017.5,6
-419.0,120373.0,6
-420.0,122059.5,6
-421.0,118859.0,6
-422.0,105027.0,5
-423.0,117427.5,5
-424.0,114373.5,6
-425.0,117937.5,5
-426.0,116025.0,5
-427.0,88049.0,5
-428.0,116458.5,6
-429.0,114574.5,6
-430.0,106972.5,5
-431.0,108757.5,5
-432.0,104293.5,6
-433.0,124057.5,6
-434.0,123105.0,6
-435.0,124872.5,6
-436.0,127797.0,6
-437.0,133500.0,6
-438.0,130845.0,6
-439.0,127101.0,5
-440.0,131485.0,6
-441.0,135817.5,6
-442.0,132523.0,6
-443.0,135790.0,6
-444.0,127375.5,6
-445.0,118681.5,6
-446.0,126569.5,6
-447.0,123786.0,5
-448.0,160024.5,6
-449.0,161742.0,6
-450.0,155011.5,5
-451.0,147661.5,6
-452.0,159732.0,6
-453.0,162439.5,6
-454.0,131390.0,6
-455.0,128902.5,5
-456.0,131595.0,6
-457.0,128613.0,6
-458.0,128520.0,5
-459.0,129439.5,6
-460.0,120360.0,6
-461.0,131325.0,6
-462.0,136050.0,6
-463.0,117682.5,5
-464.0,131580.0,6
-465.0,131884.5,5
-466.0,131835.0,5
-467.0,130437.5,6
-468.0,123802.5,5
-469.0,132726.5,5
-470.00000000000006,135532.5,5
-471.00000000000006,165607.5,6
-472.00000000000006,162749.5,6
-473.00000000000006,109140.0,6
-474.00000000000006,120060.0,6
-475.00000000000006,142545.0,5
-476.00000000000006,140377.5,5
-477.00000000000006,148710.0,6
-478.00000000000006,114509.5,6
-479.00000000000006,124642.5,6
-480.0,128478.0,5
-481.0,130314.0,5
-482.0,128775.0,5
-483.0,137784.5,6
-484.0,133110.0,5
-485.0,173513.5,6
-486.0,169951.5,5
-487.0,174967.5,6
-488.0,171020.5,6
-489.0,126702.0,6
-490.0,126410.5,6
-491.0,168412.5,6
-492.0,145287.0,5
-493.0,180571.5,6
-494.0,185850.0,6
-495.0,202292.0,6
-496.0,200900.0,6
-497.0,196170.0,6
-498.0,212670.0,5
-499.0,151374.0,6
-500.0,214147.5,6
-501.0,217436.5,6
-502.0,218262.5,6
-503.0,219288.5,6
-504.0,209815.5,5
-505.0,224664.0,5
-506.0,229217.0,6
-507.0,213627.0,6
-508.0,214835.0,6
-509.0,216112.5,6
-510.0,218280.0,6
-511.0,222450.5,5
-512.0,236647.5,6
-513.0,235457.5,6
-514.0,251430.0,6
-515.0,236990.5,6
-516.0,252611.5,6
-517.0,248709.0,6
-518.0,255127.0,6
-519.0,259690.5,6
-520.0,248204.0,5
-521.0,253007.5,6
-522.0,259275.0,6
-523.0,252077.5,6
-524.0,255395.0,5
-525.0,258700.0,6
-526.0,261611.5,5
-527.0,259662.5,6
-528.0,266815.0,6
-529.0,268151.5,6
-530.0,276565.5,6
-531.0,270405.5,6
-532.0,268722.5,6
-533.0,277267.5,6
-534.0,201150.0,6
-535.0,199155.0,6
-536.0,196222.5,5
-537.0,256912.5,5
-538.0,185002.5,6
-539.0,258315.0,6
-540.0,251047.5,6
-541.0,241612.5,5
-542.0,255124.5,6
-543.0,225010.5,6
-544.0,227077.5,6
-545.0,243912.0,6
-546.0,228149.5,6
-547.0,222508.5,6
-548.0,195840.0,5
-549.0,205912.5,6
-550.0,201832.5,6
-551.0,171237.0,6
-552.0,175664.5,6
-553.0,181217.5,6
-554.0,170392.5,6
-555.0,180266.5,6
-556.0,163113.5,6
-557.0,180907.5,6
-558.0,157190.5,6
-559.0,220065.0,5
-560.0,210371.5,6
-561.0,232050.0,5
-562.0,197370.0,6
-563.0,245274.0,6
-564.0,253210.5,6
-565.0000000000001,273813.0,6
-566.0000000000001,280323.0,6
-567.0000000000001,302800.5,6
-568.0000000000001,317749.5,6
-569.0000000000001,327605.0,6
-570.0000000000001,339635.0,6
-571.0000000000001,372189.5,6
-572.0000000000001,379957.5,6
-573.0000000000001,389220.0,6
-574.0000000000001,394758.0,6
-575.0000000000001,411315.0,5
-576.0000000000001,420195.5,5
-577.0,441405.0,6
-578.0,415564.5,6
-579.0,420240.0,6
-580.0,415641.0,6
-581.0,412972.5,6
-582.0,414592.5,6
-583.0,430185.0,6
-584.0,487164.0,6
-585.0,455812.5,6
-586.0,443062.5,5
-587.0,439875.0,6
-588.0,404837.5,5
-589.0,455238.0,6
-590.0,403962.0,5
-591.0,438687.0,6
-592.0,473922.0,6
-593.0,453383.0,5
-594.0,434457.5,5
-595.0,442353.5,5
-596.0,474264.0,6
-597.0,498326.5,6
-598.0,479482.5,6
-599.0,475520.0,6
-600.0,467417.0,5
-601.0,460967.0,5
-602.0,479315.0,5
-603.0,499542.5,6
-604.0,519852.5,6
-605.0,504455.5,6
-606.0,497301.5,6
-607.0,504095.0,6
-608.0,480769.5,6
-609.0,475496.0,6
-610.0,523981.5,6
-611.0,492211.0,6
-612.0,531282.0,6
-613.0,515344.5,5
-614.0,528625.0,6
-615.0,507300.0,6
-616.0,495492.0,6
-617.0,466021.5,6
-618.0,443310.0,6
-619.0,422725.0,6
-620.0,418986.0,6
-621.0,386897.0,6
-622.0,369637.0,5
-623.0,342362.5,6
-624.0,321928.5,5
-625.0,315210.0,6
-626.0,312609.5,6
-627.0,289435.0,6
-628.0,281695.0,6
-629.0,261550.5,6
-630.0,260994.5,6
-631.0,255137.5,6
-632.0,243184.5,6
-633.0,246787.0,6
-634.0,224728.0,5
-635.0,229916.5,6
-636.0,226255.0,6
-637.0,228277.5,6
-638.0,203745.0,5
-639.0,201960.0,5
-640.0,208207.5,5
-641.0,205657.5,6
-642.0,152617.5,6
-643.0,194055.0,5
-644.0,145987.5,6
-645.0,196477.5,6
-646.0,140598.5,6
-647.0,192760.0,6
-648.0,173915.0,5
-649.0,172423.0,5
-650.0,162067.0,5
-651.0,163851.5,6
-652.0,156660.0,6
-653.0,153876.0,6
-654.0,146677.0,6
-655.0,100947.5,6
-656.0,93704.0,5
-657.0,95920.0,6
-658.0,89167.5,6
-659.0,67290.0,6
-660.0,66952.0,6
-661.0,51972.0,5
-662.0,47685.0,6
-663.0,62475.0,6
-664.0,60945.0,6
-665.0,63622.5,5
-666.0,68008.5,6
-667.0,69409.5,6
-668.0,75191.0,6
-669.0,69232.5,5
-670.0,70380.0,5
-671.0,72229.5,6
-672.0,70365.0,6
-673.0,67230.0,6
-674.0,65082.5,6
-675.0,70840.0,6
-676.0,64741.5,6
-677.0,63502.5,5
-678.0,52530.0,5
-679.0,53167.5,5
-680.0,56355.0,5
-681.0,67575.0,5
-682.0,76627.5,5
-683.0,72037.5,5
-684.0,68977.5,5
-685.0,74587.5,5
-686.0,78914.0,6
-687.0,72420.0,5
-688.0,62900.0,6
-689.0,66810.0,5
-690.0000000000001,73567.5,5
-691.0000000000001,67830.0,5
-692.0000000000001,68625.5,6
-693.0000000000001,72319.5,6
-694.0000000000001,77917.5,6
-695.0000000000001,56187.0,6
-696.0000000000001,80962.5,6
-697.0000000000001,75607.5,6
-698.0000000000001,76755.0,6
-699.0000000000001,77010.0,6
-700.0000000000001,56992.5,5
-701.0000000000001,76882.5,6
-702.0000000000001,85935.0,6
-703.0000000000001,80707.5,6
-704.0,72123.5,5
-705.0,74134.0,6
-706.0,71216.0,5
-707.0,64260.0,5
-708.0,65407.5,5
-709.0,46920.0,5
-710.0,75735.0,6
-711.0,50235.0,6
-712.0,65280.0,6
-713.0,37995.0,6
-714.0,52785.0,5
-715.0,51382.5,5
-716.0,51255.0,5
-717.0,58522.5,6
-718.0,58777.5,6
-719.0,79305.0,5
-720.0,78412.5,6
-721.0,76372.5,5
-722.0,71527.5,6
-723.0,85177.0,6
-724.0,58724.0,6
-725.0,68107.5,6
-726.0,67856.5,6
-727.0,78870.0,6
-728.0,66245.5,5
-729.0,77905.5,5
-730.0,74276.5,6
-731.0,99386.0,6
-732.0,119541.0,6
-733.0,148209.0,6
-734.0,141643.5,6
-735.0,159245.0,5
-736.0,169540.0,6
-737.0,217332.5,6
-738.0,218110.0,6
-739.0,197518.5,5
-740.0,216091.5,6
-741.0,209820.0,5
-742.0,195879.0,6
-743.0,196920.0,6
-744.0,193221.5,6
-745.0,182941.0,6
-746.0,178487.5,6
-747.0,149835.5,6
-748.0,130030.0,6
-749.0,173806.5,6
-750.0,127624.5,6
-751.0,107227.5,6
-752.0,113264.5,6
-753.0,117163.5,6
-754.0,104885.0,6
-755.0,98059.0,6
-756.0,90373.5,6
-757.0,81940.5,6
-758.0,89346.0,6
-759.0,79692.0,6
-760.0,83824.5,6
-761.0,74916.0,6
-762.0,73957.0,5
-763.0,93435.0,6
-764.0,84656.0,6
-765.0,81052.5,5
-766.0,103625.5,6
-767.0,96202.0,6
-768.0,80028.0,5
-769.0,99972.5,6
-770.0,81846.5,6
-771.0,81940.0,5
-772.0,89989.5,6
-773.0,108502.5,6
-774.0,95430.5,6
-775.0,92055.0,6
-776.0,136920.0,6
-777.0,136785.0,5
-778.0,149494.5,5
-779.0,141426.5,6
-780.0,152398.0,6
-781.0,141939.5,5
-782.0,145741.0,5
-783.0,143066.0,6
-784.0,126967.5,6
-785.0,123930.0,5
-786.0,133620.0,5
-787.0,134895.0,6
-788.0,89005.5,6
-789.0,117638.0,6
-790.0,120097.5,6
-791.0,118320.0,5
-792.0,113080.0,6
-793.0,122965.0,6
-794.0,120300.0,6
-795.0,88410.0,6
-796.0,121137.0,5
-797.0,121596.5,6
-798.0,118192.5,5
-799.0,112663.0,6
-800.0,119702.5,6
-801.0,120232.5,5
-802.0,122017.5,5
-803.0,108120.0,5
-804.0,88740.0,5
-805.0,89479.5,6
-806.0,77520.0,5
-807.0,81744.5,6
-808.0,88020.0,6
-809.0,73312.5,5
-810.0,85421.5,6
-811.0,82573.0,6
-812.0,83990.0,6
-813.0,83257.5,6
-814.0,76245.0,6
-815.0000000000001,73950.0,6
-816.0000000000001,71145.0,6
-817.0000000000001,83767.5,6
-818.0000000000001,74379.0,5
-819.0000000000001,83800.5,6
-820.0000000000001,79432.5,5
-821.0000000000001,80754.5,6
-822.0000000000001,73770.0,6
-823.0000000000001,80436.0,6
-824.0000000000001,75264.0,6
-825.0000000000001,73044.0,6
-826.0000000000001,81699.5,6
-827.0000000000001,74186.0,6
-828.0000000000001,72833.5,6
-829.0000000000001,82048.0,6
-830.0000000000001,76807.0,5
-831.0000000000001,72230.0,6
-832.0000000000001,82731.0,6
-833.0,74751.0,5
-834.0,90163.5,6
-835.0,84162.0,6
-836.0,85883.0,6
-837.0,92762.5,6
-838.0,80821.0,5
-839.0,72618.5,6
-840.0,79408.5,5
-841.0,79328.5,5
-842.0,84203.0,6
-843.0,85545.0,6
-844.0,81570.0,5
-845.0,83074.5,6
-846.0,84025.0,6
-847.0,83306.0,6
-848.0,85773.0,6
-849.0,84641.0,6
-850.0,82175.0,6
-851.0,79906.5,5
-852.0,85806.5,6
-853.0,81591.0,5
-854.0,87012.5,6
-855.0,86807.0,6
-856.0,81693.0,5
-857.0,84309.0,5
-858.0,116222.5,6
-859.0,117712.5,6
-860.0,87113.0,6
-861.0,81375.0,5
-862.0,84652.0,6
-863.0,86425.5,6
-864.0,77118.5,6
-865.0,83401.5,6
-866.0,85274.5,6
-867.0,84362.0,6
-868.0,74668.5,5
-869.0,73796.5,6
-870.0,75735.0,6
-871.0,69105.0,6
-872.0,73950.0,6
-873.0,70507.5,6
-874.0,67702.5,6
-875.0,68722.5,5
-876.0,66602.5,5
-877.0,72802.5,6
-878.0,72547.5,6
-879.0,78154.5,6
-880.0,67475.5,6
-881.0,70601.5,6
-882.0,76627.5,5
-883.0,69913.5,6
-884.0,107355.0,5
-885.0,77792.0,6
-886.0,75522.0,5
-887.0,77392.5,6
-888.0,71741.5,6
-889.0,75480.0,5
-890.0,91455.5,5
-891.0,65280.0,5
-892.0,87022.5,6
-893.0,68602.5,6
-894.0,73732.5,6
-895.0,70890.0,5
-896.0,69615.0,6
-897.0,96772.5,5
-898.0,80130.0,6
-899.0,73822.5,5
-900.0,60052.5,6
